genotype,rep,Plot,Treatment
R4,1,1,Wet
CML10,1,2,Wet
778,1,3,Wet
B84,1,4,Wet
Va35,1,5,Wet
Z011E0187,1,6,Wet
R168,1,7,Wet
6F629,1,8,Wet
CML 238,1,9,Wet
Tx303,1,10,Wet
T8,1,11,Wet
W153R,1,12,Wet
Z013E0127,1,13,Wet
B64,1,14,Wet
LH74,1,15,Wet
Va17,1,16,Wet
NC290A,1,17,Wet
A661,1,18,Wet
CO 125,1,19,Wet
R109B,1,20,Wet
B73Htrhm,1,21,Wet
U267Y,1,22,Wet
K64,1,23,Wet
Tx601,1,24,Wet
78551S,1,25,Wet
NC350,1,26,Wet
CI28A,1,27,Wet
CI90C,1,28,Wet
Mo18W,1,29,Wet
779,1,30,Wet
P39,1,31,Wet
LH52,1,32,Wet
Z025E0085,1,33,Wet
F6,1,34,Wet
NC298,1,35,Wet
G09H57,1,36,Wet
W182B,1,37,Wet
Sb178,1,38,Wet
Z022E0104,1,39,Wet
CML311,1,40,Wet
A654,1,41,Wet
FR19,1,42,Wet
CM37,1,43,Wet
P9789AMXT,1,44,Wet
Z013E0127,1,45,Wet
PHG86,1,46,Wet
MS71,1,47,Wet
NS501,1,48,Wet
W22,1,49,Wet
Oh40B,1,50,Wet
Mp339,1,51,Wet
Z025E0085,1,52,Wet
Yu796_NS,1,53,Wet
NC326,1,54,Wet
LH213,1,55,Wet
CH9,1,56,Wet
Z022E0104,1,57,Wet
NC364,1,58,Wet
Sb1,1,59,Wet
Sb2,1,60,Wet
B77,1,61,Wet
LH82,1,62,Wet
OQ403,1,63,Wet
NC348,1,64,Wet
F118,1,65,Wet
Z022E0104,1,66,Wet
Z011E0187,1,67,Wet
B97,1,68,Wet
N7A,1,69,Wet
CM174,1,70,Wet
Mo47,1,71,Wet
Ki3,1,72,Wet
N192,1,73,Wet
Z013E0127,1,74,Wet
Sb268,1,75,Wet
B2,1,76,Wet
BO9,1,77,Wet
B103,1,78,Wet
CML38,1,79,Wet
H49,1,80,Wet
CR1HT,1,81,Wet
MS153,1,82,Wet
LH85,1,83,Wet
CH701-30,1,84,Wet
EP1,1,85,Wet
NC300,1,86,Wet
Mo24W,1,87,Wet
CML11,1,88,Wet
Wf9,1,89,Wet
Z022E0104,1,90,Wet
W64A,1,91,Wet
Z013E0127,1,92,Wet
B109,1,93,Wet
L127,1,94,Wet
F42,1,95,Wet
NC250,1,96,Wet
H8431,1,97,Wet
M37W,1,98,Wet
N68K,1,99,Wet
ML606,1,100,Wet
Z025E0085,1,101,Wet
CML218,1,102,Wet
CML158Q,1,103,Wet
Z013E0127,1,104,Wet
LH146Ht,1,105,Wet
H84,1,106,Wet
PHG84,1,107,Wet
A679,1,108,Wet
CML322,1,109,Wet
Ia5125,1,110,Wet
NC358,1,111,Wet
A659,1,112,Wet
C123,1,113,Wet
Z022E0104,1,114,Wet
NC346,1,115,Wet
DE811,1,116,Wet
Z011E0187,1,117,Wet
793,1,118,Wet
MDF-13D,1,119,Wet
CO106,1,120,Wet
78010,1,121,Wet
DE_2,1,122,Wet
CM7,1,123,Wet
G12J11,1,124,Wet
Va99,1,125,Wet
Sb304,1,126,Wet
VaW6,1,127,Wet
LH51,1,128,Wet
CML332,1,129,Wet
G16C59,1,130,Wet
CM105,1,131,Wet
N6,1,132,Wet
A554,1,133,Wet
N68B,1,134,Wet
CML258,1,135,Wet
NC360,1,136,Wet
Tzi9,1,137,Wet
PHG72,1,138,Wet
Z022E0104,1,139,Wet
LH39,1,140,Wet
FAPW,1,141,Wet
LH145,1,142,Wet
DJ7,1,143,Wet
PHT77,1,144,Wet
Z013E0127,1,145,Wet
3IIH6,1,146,Wet
NC264,1,147,Wet
LP5,1,148,Wet
CML341,1,149,Wet
CML92,1,150,Wet
Ab28A,1,151,Wet
Ki14,1,152,Wet
NC352,1,153,Wet
Z011E0187,1,154,Wet
Va59,1,155,Wet
CML91,1,156,Wet
Z022E0104,1,157,Wet
A214N,1,158,Wet
NC236,1,159,Wet
Il101,1,160,Wet
Z013E0127,1,161,Wet
MO1W,1,162,Wet
CI3A,1,163,Wet
Z013E0127,1,164,Wet
Mo17,1,165,Wet
Kui2021,1,166,Wet
MoG,1,167,Wet
AQA3,1,168,Wet
Z022E0104,1,169,Wet
HBA1,1,170,Wet
Z025E0085,1,171,Wet
N28Ht,1,172,Wet
PHW65,1,173,Wet
FBHJ,1,174,Wet
CML220,1,175,Wet
LH54,1,176,Wet
PHW17,1,177,Wet
NC344,1,178,Wet
CML314,1,179,Wet
Z011E0187,1,180,Wet
M14,1,181,Wet
Va22,1,182,Wet
Sb54,1,183,Wet
Z013E0127,1,184,Wet
HB8229,1,185,Wet
CO255,1,186,Wet
Tzi18,1,187,Wet
NC368,1,188,Wet
IDS69,1,189,Wet
PHWG5,1,190,Wet
B46,1,191,Wet
807,1,192,Wet
PHK76,1,193,Wet
NC324,1,194,Wet
Z011E0187,1,195,Wet
Va14,1,196,Wet
NC340,1,197,Wet
Z025E0085,1,198,Wet
CML157Q,1,199,Wet
Pa875,1,200,Wet
Oh43,1,201,Wet
4722,1,202,Wet
NC296,1,203,Wet
CR14,1,204,Wet
LH60,1,205,Wet
H99,1,206,Wet
IDS91,1,207,Wet
NC262,1,208,Wet
Z022E0104,1,209,Wet
Sg18,1,210,Wet
Z011E0187,1,211,Wet
Tzi8,1,212,Wet
Z011E0187,1,213,Wet
CML103,1,214,Wet
NC294,1,215,Wet
CML323,1,216,Wet
NC356,1,217,Wet
Z025E0085,1,218,Wet
CML14,1,219,Wet
NS701,1,220,Wet
CML228,1,221,Wet
ICI 740,1,222,Wet
B68,1,223,Wet
OH7B,1,224,Wet
T232,1,225,Wet
LH1,1,226,Wet
A635,1,227,Wet
L317,1,228,Wet
Z022E0104,1,229,Wet
A6,1,230,Wet
B10,1,231,Wet
Z013E0127,1,232,Wet
N70M,1,233,Wet
H91,1,234,Wet
LH93,1,235,Wet
A188,1,236,Wet
LH38,1,237,Wet
C49A,1,238,Wet
IA2132,1,239,Wet
NC302,1,240,Wet
MQ305,1,241,Wet
NC320,1,242,Wet
Z022E0104,1,243,Wet
PHV63,1,244,Wet
NC306,1,245,Wet
ZS01250,1,246,Wet
Z025E0085,1,247,Wet
Mo44,1,248,Wet
NC260,1,249,Wet
L578,1,250,Wet
NC296A,1,251,Wet
NC310,1,252,Wet
Pa762,1,253,Wet
LH57,1,254,Wet
Z025E0085,1,255,Wet
Seagull Seventeen,1,256,Wet
K4,1,257,Wet
T234,1,258,Wet
B79,1,259,Wet
Z022E0104,1,260,Wet
A619,1,261,Wet
KY228,1,262,Wet
KUI44,1,263,Wet
33-16,1,264,Wet
SC55,1,265,Wet
MBNA,1,266,Wet
Os420,1,267,Wet
NC336,1,268,Wet
Sg1533,1,269,Wet
LH208,1,270,Wet
Z013E0127,1,271,Wet
NC366,1,272,Wet
CS405,1,273,Wet
LH123HT,1,274,Wet
IDS28,1,275,Wet
B105,1,276,Wet
I29,1,277,Wet
G80,1,278,Wet
G10D98,1,279,Wet
A441-5,1,280,Wet
CI66,1,281,Wet
NC238,1,282,Wet
CML321,1,283,Wet
I205,1,284,Wet
Z022E0104,1,285,Wet
Q381,1,286,Wet
NC230,1,287,Wet
ZS365,1,288,Wet
CI21E,1,289,Wet
C103,1,290,Wet
WIL500,1,291,Wet
Z022E0104,1,292,Wet
CML277,1,293,Wet
MS1334,1,294,Wet
78004,1,295,Wet
Z011E0187,1,296,Wet
Z013E0127,1,297,Wet
N59B,1,298,Wet
Z011E0187,1,299,Wet
I137TN,1,300,Wet
VA102,1,301,Wet
N74L,1,302,Wet
LP1 NR HT,1,303,Wet
4226,1,304,Wet
Z013E0127,1,305,Wet
29MIBZ2,1,306,Wet
Z011E0187,1,307,Wet
Va26,1,308,Wet
E2558W,1,309,Wet
B73,1,310,Wet
PHJ40,1,311,Wet
Z025E0085,1,312,Wet
HP301,1,313,Wet
PHG50,1,314,Wet
Ki11,1,315,Wet
A632,1,316,Wet
Il14H,1,317,Wet
Z013E0127,1,318,Wet
E8501,1,319,Wet
SD40,1,320,Wet
Va85,1,321,Wet
P9697AM~S,1,322,Wet
2FACC,1,323,Wet
CML247,1,324,Wet
SD44,1,325,Wet
M162W,1,326,Wet
B57,1,327,Wet
Ky226,1,328,Wet
792,1,329,Wet
F44,1,330,Wet
Z022E0104,1,331,Wet
207,1,332,Wet
NC33,1,333,Wet
F2834T,1,334,Wet
Z011E0187,1,335,Wet
B75,1,336,Wet
Pa91,1,337,Wet
PHW43,1,338,Wet
Z011E0187,1,339,Wet
CML52,1,340,Wet
Mt42,1,341,Wet
H95,1,342,Wet
A556,1,343,Wet
Tzi16,1,344,Wet
NC328,1,345,Wet
CQ702RC,1,346,Wet
CI31A,1,347,Wet
ND246,1,348,Wet
A680,1,349,Wet
Z022E0104,1,350,Wet
R229,1,351,Wet
NC222,1,352,Wet
Z022E0104,1,353,Wet
Oh603,1,354,Wet
Sb356,1,355,Wet
PHG83,1,356,Wet
Z025E0085,1,357,Wet
NC232,1,358,Wet
4676A,1,359,Wet
Pa880,1,360,Wet
Z025E0085,1,361,Wet
CML69,1,362,Wet
SC213R,1,363,Wet
B14A,1,364,Wet
Ky21,1,365,Wet
LH150,1,366,Wet
POP-N-EAT,1,367,Wet
K55,1,368,Wet
Sb399,1,369,Wet
CML287,1,370,Wet
Sb203,1,371,Wet
PHG47,1,372,Wet
Mo46,1,373,Wet
NQ508,1,374,Wet
Z011E0187,1,375,Wet
GT112,1,376,Wet
PHN11,1,377,Wet
A682,1,378,Wet
764,1,379,Wet
Hi27,1,380,Wet
Mo45,1,381,Wet
NC354,1,382,Wet
PHG35,1,383,Wet
FBLA,1,384,Wet
CI.7,1,385,Wet
B37,1,386,Wet
5707,1,387,Wet
PHZ51,1,388,Wet
SA24,1,389,Wet
CML328,1,390,Wet
Black Jewell 85,1,391,Wet
Z022E0104,1,392,Wet
CMV3,1,393,Wet
PHG71,1,394,Wet
Z022E0104,1,395,Wet
Z011E0187,1,396,Wet
CML331,1,397,Wet
NC342,1,398,Wet
NC314,1,399,Wet
NC362,1,400,Wet
Z013E0127,1,401,Wet
R177,1,402,Wet
F7,1,403,Wet
A634,1,404,Wet
Oh43E,1,405,Wet
B164,1,406,Wet
PHG39,1,407,Wet
2MA22,1,408,Wet
W117HT,1,409,Wet
RS 710,1,410,Wet
LH183,1,411,Wet
NC338,1,412,Wet
Z013E0127,1,413,Wet
Tzi25,1,414,Wet
S8324,1,415,Wet
CML108,1,416,Wet
Hy,1,417,Wet
Z013E0127,1,418,Wet
B76,1,419,Wet
B104,1,420,Wet
CML333,1,421,Wet
11430,1,422,Wet
NC258,1,423,Wet
Z013E0127,1,424,Wet
CS608,1,425,Wet
S8326,1,426,Wet
Z025E0085,1,427,Wet
PHH93,1,428,Wet
CI187-2,1,429,Wet
GA209,1,430,Wet
SC357,1,431,Wet
H105W,1,432,Wet
DE1,1,433,Wet
CML154Q,1,434,Wet
MBST,1,435,Wet
A239,1,436,Wet
38-11,1,437,Wet
78371A,1,438,Wet
Z011E0187,1,439,Wet
CI91B,1,440,Wet
Z011E0187,2,441,Dry 
Va35,2,442,Dry 
B76,2,443,Dry 
Z022E0104,2,444,Dry 
CM174,2,445,Dry 
Z025E0085,2,446,Dry 
ZS01250,2,447,Dry 
Tzi8,2,448,Dry 
NC338,2,449,Dry 
4676A,2,450,Dry 
Tzi18,2,451,Dry 
B75,2,452,Dry 
W153R,2,453,Dry 
Sb2,2,454,Dry 
CML 238,2,455,Dry 
A554,2,456,Dry 
MS71,2,457,Dry 
T232,2,458,Dry 
PHG86,2,459,Dry 
FR19,2,460,Dry 
NC344,2,461,Dry 
E2558W,2,462,Dry 
PHN11,2,463,Dry 
H8431,2,464,Dry 
Mo18W,2,465,Dry 
M14,2,466,Dry 
WIL500,2,467,Dry 
Yu796_NS,2,468,Dry 
Z022E0104,2,469,Dry 
Z025E0085,2,470,Dry 
A214N,2,471,Dry 
2MA22,2,472,Dry 
FAPW,2,473,Dry 
Seagull Seventeen,2,474,Dry 
PHG47,2,475,Dry 
Va85,2,476,Dry 
Z022E0104,2,477,Dry 
Sb54,2,478,Dry 
Sb178,2,479,Dry 
6F629,2,480,Dry 
Z013E0127,2,481,Dry 
R168,2,482,Dry 
SA24,2,483,Dry 
G16C59,2,484,Dry 
NC328,2,485,Dry 
PHG72,2,486,Dry 
LH150,2,487,Dry 
P39,2,488,Dry 
NC348,2,489,Dry 
PHH93,2,490,Dry 
A680,2,491,Dry 
AQA3,2,492,Dry 
Z013E0127,2,493,Dry 
4722,2,494,Dry 
CML91,2,495,Dry 
NC222,2,496,Dry 
Va22,2,497,Dry 
Z022E0104,2,498,Dry 
M37W,2,499,Dry 
IA2132,2,500,Dry 
CML38,2,501,Dry 
LH208,2,502,Dry 
NS701,2,503,Dry 
Z025E0085,2,504,Dry 
L578,2,505,Dry 
CML333,2,506,Dry 
CML157Q,2,507,Dry 
NC298,2,508,Dry 
CI31A,2,509,Dry 
NC262,2,510,Dry 
NC360,2,511,Dry 
NC362,2,512,Dry 
Mo24W,2,513,Dry 
KY228,2,514,Dry 
Z011E0187,2,515,Dry 
PHWG5,2,516,Dry 
NC296,2,517,Dry 
Tzi16,2,518,Dry 
NC354,2,519,Dry 
W64A,2,520,Dry 
A635,2,521,Dry 
Z013E0127,2,522,Dry 
B64,2,523,Dry 
Pa875,2,524,Dry 
CML332,2,525,Dry 
G80,2,526,Dry 
B77,2,527,Dry 
Oh40B,2,528,Dry 
Z011E0187,2,529,Dry 
NC294,2,530,Dry 
PHG83,2,531,Dry 
CML321,2,532,Dry 
B2,2,533,Dry 
Ab28A,2,534,Dry 
PHW65,2,535,Dry 
NC364,2,536,Dry 
SD40,2,537,Dry 
CML341,2,538,Dry 
NC238,2,539,Dry 
A556,2,540,Dry 
MBST,2,541,Dry 
NC314,2,542,Dry 
G12J11,2,543,Dry 
LP1 NR HT,2,544,Dry 
4226,2,545,Dry 
Black Jewell 85,2,546,Dry 
K55,2,547,Dry 
29MIBZ2,2,548,Dry 
Z011E0187,2,549,Dry 
CO106,2,550,Dry 
CML52,2,551,Dry 
Va14,2,552,Dry 
Mp339,2,553,Dry 
Z022E0104,2,554,Dry 
Mo45,2,555,Dry 
LH93,2,556,Dry 
Pa880,2,557,Dry 
Hi27,2,558,Dry 
NC296A,2,559,Dry 
CML323,2,560,Dry 
NC368,2,561,Dry 
A682,2,562,Dry 
RS 710,2,563,Dry 
LH39,2,564,Dry 
3IIH6,2,565,Dry 
Z022E0104,2,566,Dry 
792,2,567,Dry 
Z025E0085,2,568,Dry 
Sb304,2,569,Dry 
Oh603,2,570,Dry 
Hy,2,571,Dry 
CML287,2,572,Dry 
GT112,2,573,Dry 
Il14H,2,574,Dry 
NC258,2,575,Dry 
F2834T,2,576,Dry 
CML311,2,577,Dry 
LH54,2,578,Dry 
78551S,2,579,Dry 
CML69,2,580,Dry 
CML11,2,581,Dry 
Z011E0187,2,582,Dry 
Z011E0187,2,583,Dry 
CML14,2,584,Dry 
Z011E0187,2,585,Dry 
Kui2021,2,586,Dry 
Z022E0104,2,587,Dry 
Va99,2,588,Dry 
Os420,2,589,Dry 
FBLA,2,590,Dry 
MO1W,2,591,Dry 
B109,2,592,Dry 
NC250,2,593,Dry 
L127,2,594,Dry 
CM37,2,595,Dry 
SC357,2,596,Dry 
807,2,597,Dry 
Mo17,2,598,Dry 
Z022E0104,2,599,Dry 
CI21E,2,600,Dry 
HBA1,2,601,Dry 
NS501,2,602,Dry 
Z013E0127,2,603,Dry 
NC342,2,604,Dry 
Z013E0127,2,605,Dry 
778,2,606,Dry 
Tzi9,2,607,Dry 
NC264,2,608,Dry 
CML10,2,609,Dry 
NC302,2,610,Dry 
S8326,2,611,Dry 
Z013E0127,2,612,Dry 
2FACC,2,613,Dry 
NC260,2,614,Dry 
Z025E0085,2,615,Dry 
H91,2,616,Dry 
G10D98,2,617,Dry 
Tx303,2,618,Dry 
NC306,2,619,Dry 
Tzi25,2,620,Dry 
LH51,2,621,Dry 
LH60,2,622,Dry 
W117HT,2,623,Dry 
Oh43,2,624,Dry 
Sb356,2,625,Dry 
LH38,2,626,Dry 
F6,2,627,Dry 
Sg1533,2,628,Dry 
K64,2,629,Dry 
CML247,2,630,Dry 
W22,2,631,Dry 
Z013E0127,2,632,Dry 
CI66,2,633,Dry 
PHV63,2,634,Dry 
Z011E0187,2,635,Dry 
Z025E0085,2,636,Dry 
F42,2,637,Dry 
B105,2,638,Dry 
MoG,2,639,Dry 
A188,2,640,Dry 
I205,2,641,Dry 
CMV3,2,642,Dry 
CML92,2,643,Dry 
NQ508,2,644,Dry 
H84,2,645,Dry 
LH52,2,646,Dry 
CML331,2,647,Dry 
A661,2,648,Dry 
A239,2,649,Dry 
Oh43E,2,650,Dry 
11430,2,651,Dry 
PHK76,2,652,Dry 
Z022E0104,2,653,Dry 
Ki3,2,654,Dry 
B73Htrhm,2,655,Dry 
Z013E0127,2,656,Dry 
MS153,2,657,Dry 
VaW6,2,658,Dry 
38-11,2,659,Dry 
B14A,2,660,Dry 
Z011E0187,2,661,Dry 
Mo44,2,662,Dry 
K4,2,663,Dry 
H99,2,664,Dry 
Sb203,2,665,Dry 
PHG35,2,666,Dry 
R177,2,667,Dry 
NC358,2,668,Dry 
I29,2,669,Dry 
CML218,2,670,Dry 
Sg18,2,671,Dry 
Z013E0127,2,672,Dry 
78010,2,673,Dry 
N192,2,674,Dry 
MBNA,2,675,Dry 
N6,2,676,Dry 
F7,2,677,Dry 
CML228,2,678,Dry 
NC346,2,679,Dry 
OH7B,2,680,Dry 
Z022E0104,2,681,Dry 
CML154Q,2,682,Dry 
A634,2,683,Dry 
LH85,2,684,Dry 
N28Ht,2,685,Dry 
NC236,2,686,Dry 
G09H57,2,687,Dry 
793,2,688,Dry 
I137TN,2,689,Dry 
SC55,2,690,Dry 
NC300,2,691,Dry 
NC336,2,692,Dry 
NC232,2,693,Dry 
Z011E0187,2,694,Dry 
PHG39,2,695,Dry 
N7A,2,696,Dry 
ZS365,2,697,Dry 
NC33,2,698,Dry 
Ia5125,2,699,Dry 
NC340,2,700,Dry 
C103,2,701,Dry 
HB8229,2,702,Dry 
Sb1,2,703,Dry 
NC230,2,704,Dry 
CM105,2,705,Dry 
T8,2,706,Dry 
A679,2,707,Dry 
LH82,2,708,Dry 
N68B,2,709,Dry 
Z011E0187,2,710,Dry 
Z022E0104,2,711,Dry 
PHG50,2,712,Dry 
CS405,2,713,Dry 
NC356,2,714,Dry 
CML258,2,715,Dry 
MQ305,2,716,Dry 
Z025E0085,2,717,Dry 
B84,2,718,Dry 
LP5,2,719,Dry 
OQ403,2,720,Dry 
PHJ40,2,721,Dry 
R4,2,722,Dry 
VA102,2,723,Dry 
CI90C,2,724,Dry 
LH74,2,725,Dry 
IDS91,2,726,Dry 
78371A,2,727,Dry 
NC290A,2,728,Dry 
F118,2,729,Dry 
Z022E0104,2,730,Dry 
A654,2,731,Dry 
207,2,732,Dry 
R229,2,733,Dry 
Z011E0187,2,734,Dry 
EP1,2,735,Dry 
CML158Q,2,736,Dry 
Z013E0127,2,737,Dry 
Z013E0127,2,738,Dry 
HP301,2,739,Dry 
U267Y,2,740,Dry 
Mo46,2,741,Dry 
78004,2,742,Dry 
CR14,2,743,Dry 
Z013E0127,2,744,Dry 
B68,2,745,Dry 
R109B,2,746,Dry 
NC326,2,747,Dry 
NC310,2,748,Dry 
764,2,749,Dry 
Z022E0104,2,750,Dry 
CML108,2,751,Dry 
A659,2,752,Dry 
N70M,2,753,Dry 
MS1334,2,754,Dry 
F44,2,755,Dry 
A632,2,756,Dry 
Mt42,2,757,Dry 
NC352,2,758,Dry 
CML103,2,759,Dry 
NC350,2,760,Dry 
Z011E0187,2,761,Dry 
BO9,2,762,Dry 
Z013E0127,2,763,Dry 
N68K,2,764,Dry 
Z011E0187,2,765,Dry 
Z022E0104,2,766,Dry 
CM7,2,767,Dry 
CI.7,2,768,Dry 
B57,2,769,Dry 
W182B,2,770,Dry 
FBHJ,2,771,Dry 
LH145,2,772,Dry 
B103,2,773,Dry 
H49,2,774,Dry 
DE1,2,775,Dry 
H95,2,776,Dry 
MDF-13D,2,777,Dry 
B73,2,778,Dry 
Z025E0085,2,779,Dry 
Il101,2,780,Dry 
CML220,2,781,Dry 
Ki14,2,782,Dry 
ML606,2,783,Dry 
CI3A,2,784,Dry 
Z011E0187,2,785,Dry 
CH701-30,2,786,Dry 
PHG71,2,787,Dry 
Va26,2,788,Dry 
Z025E0085,2,789,Dry 
IDS69,2,790,Dry 
Z013E0127,2,791,Dry 
N74L,2,792,Dry 
CI91B,2,793,Dry 
N59B,2,794,Dry 
Va59,2,795,Dry 
Tx601,2,796,Dry 
NC320,2,797,Dry 
S8324,2,798,Dry 
CML314,2,799,Dry 
PHW17,2,800,Dry 
L317,2,801,Dry 
Z022E0104,2,802,Dry 
CR1HT,2,803,Dry 
CI28A,2,804,Dry 
Sb399,2,805,Dry 
Sb268,2,806,Dry 
Z022E0104,2,807,Dry 
LH1,2,808,Dry 
B164,2,809,Dry 
LH146Ht,2,810,Dry 
779,2,811,Dry 
T234,2,812,Dry 
Wf9,2,813,Dry 
LH183,2,814,Dry 
Z013E0127,2,815,Dry 
Ki11,2,816,Dry 
Va17,2,817,Dry 
CH9,2,818,Dry 
B37,2,819,Dry 
A619,2,820,Dry 
Z013E0127,2,821,Dry 
B10,2,822,Dry 
NC324,2,823,Dry 
Z022E0104,2,824,Dry 
B79,2,825,Dry 
P9789AMXT,2,826,Dry 
DE_2,2,827,Dry 
KUI44,2,828,Dry 
IDS28,2,829,Dry 
5707,2,830,Dry 
CML328,2,831,Dry 
PHT77,2,832,Dry 
M162W,2,833,Dry 
Z011E0187,2,834,Dry 
Z013E0127,2,835,Dry 
C123,2,836,Dry 
CO255,2,837,Dry 
B97,2,838,Dry 
CQ702RC,2,839,Dry 
LH123HT,2,840,Dry 
CO 125,2,841,Dry 
LH213,2,842,Dry 
SD44,2,843,Dry 
Q381,2,844,Dry 
DJ7,2,845,Dry 
ND246,2,846,Dry 
PHW43,2,847,Dry 
C49A,2,848,Dry 
Pa91,2,849,Dry 
CML322,2,850,Dry 
Ky226,2,851,Dry 
Z025E0085,2,852,Dry 
Ky21,2,853,Dry 
NC366,2,854,Dry 
GA209,2,855,Dry 
LH57,2,856,Dry 
Z022E0104,2,857,Dry 
SC213R,2,858,Dry 
Z022E0104,2,859,Dry 
ICI 740,2,860,Dry 
Mo47,2,861,Dry 
PHZ51,2,862,Dry 
H105W,2,863,Dry 
PHG84,2,864,Dry 
CI187-2,2,865,Dry 
DE811,2,866,Dry 
A6,2,867,Dry 
CML277,2,868,Dry 
B104,2,869,Dry 
B46,2,870,Dry 
CS608,2,871,Dry 
33-16,2,872,Dry 
Z013E0127,2,873,Dry 
Z025E0085,2,874,Dry 
E8501,2,875,Dry 
Pa762,2,876,Dry 
A441-5,2,877,Dry 
Z025E0085,2,878,Dry 
P9697AM~S,2,879,Dry 
POP-N-EAT,2,880,Dry 
A554,3,881,Wet
F44,3,882,Wet
CI91B,3,883,Wet
CML10,3,884,Wet
LH51,3,885,Wet
Z025E0085,3,886,Wet
NC340,3,887,Wet
CML287,3,888,Wet
Z022E0104,3,889,Wet
CML332,3,890,Wet
S8326,3,891,Wet
G16C59,3,892,Wet
PHG72,3,893,Wet
A680,3,894,Wet
NC326,3,895,Wet
Tzi8,3,896,Wet
Z022E0104,3,897,Wet
WIL500,3,898,Wet
Z022E0104,3,899,Wet
Pa91,3,900,Wet
F42,3,901,Wet
Z013E0127,3,902,Wet
Q381,3,903,Wet
PHW65,3,904,Wet
Hy,3,905,Wet
Mo47,3,906,Wet
Mo46,3,907,Wet
HB8229,3,908,Wet
PHT77,3,909,Wet
PHV63,3,910,Wet
SC357,3,911,Wet
G80,3,912,Wet
Z013E0127,3,913,Wet
CML322,3,914,Wet
R229,3,915,Wet
Z011E0187,3,916,Wet
CML321,3,917,Wet
Tzi9,3,918,Wet
A214N,3,919,Wet
CI187-2,3,920,Wet
NC366,3,921,Wet
PHG83,3,922,Wet
E8501,3,923,Wet
Z011E0187,3,924,Wet
CO106,3,925,Wet
F7,3,926,Wet
Z022E0104,3,927,Wet
Z025E0085,3,928,Wet
Sb399,3,929,Wet
FAPW,3,930,Wet
Z013E0127,3,931,Wet
2MA22,3,932,Wet
NC296A,3,933,Wet
MoG,3,934,Wet
T8,3,935,Wet
KUI44,3,936,Wet
FR19,3,937,Wet
CML218,3,938,Wet
NC324,3,939,Wet
CR1HT,3,940,Wet
SD40,3,941,Wet
M37W,3,942,Wet
I29,3,943,Wet
Z022E0104,3,944,Wet
N28Ht,3,945,Wet
MBST,3,946,Wet
A679,3,947,Wet
H8431,3,948,Wet
LH82,3,949,Wet
3IIH6,3,950,Wet
Z011E0187,3,951,Wet
G12J11,3,952,Wet
L578,3,953,Wet
NC352,3,954,Wet
ZS365,3,955,Wet
H99,3,956,Wet
A239,3,957,Wet
Z025E0085,3,958,Wet
B14A,3,959,Wet
B68,3,960,Wet
GT112,3,961,Wet
NC358,3,962,Wet
T234,3,963,Wet
6F629,3,964,Wet
NC262,3,965,Wet
Pa875,3,966,Wet
Z022E0104,3,967,Wet
IDS69,3,968,Wet
LH213,3,969,Wet
Z011E0187,3,970,Wet
C123,3,971,Wet
N70M,3,972,Wet
CML103,3,973,Wet
38-11,3,974,Wet
4722,3,975,Wet
A632,3,976,Wet
Tzi16,3,977,Wet
Z013E0127,3,978,Wet
A682,3,979,Wet
NS501,3,980,Wet
A556,3,981,Wet
ZS01250,3,982,Wet
33-16,3,983,Wet
SC213R,3,984,Wet
CI28A,3,985,Wet
2FACC,3,986,Wet
CML11,3,987,Wet
Z025E0085,3,988,Wet
Z011E0187,3,989,Wet
Kui2021,3,990,Wet
B73Htrhm,3,991,Wet
CML69,3,992,Wet
B77,3,993,Wet
NC264,3,994,Wet
S8324,3,995,Wet
CML258,3,996,Wet
NC230,3,997,Wet
Mo45,3,998,Wet
NC346,3,999,Wet
FBLA,3,1000,Wet
MBNA,3,1001,Wet
Z013E0127,3,1002,Wet
CML323,3,1003,Wet
Z022E0104,3,1004,Wet
H91,3,1005,Wet
LH146Ht,3,1006,Wet
207,3,1007,Wet
A634,3,1008,Wet
A619,3,1009,Wet
B97,3,1010,Wet
N192,3,1011,Wet
A635,3,1012,Wet
W64A,3,1013,Wet
NC344,3,1014,Wet
R168,3,1015,Wet
Va99,3,1016,Wet
K55,3,1017,Wet
HBA1,3,1018,Wet
LH93,3,1019,Wet
Z025E0085,3,1020,Wet
B164,3,1021,Wet
11430,3,1022,Wet
LH74,3,1023,Wet
H84,3,1024,Wet
4226,3,1025,Wet
FBHJ,3,1026,Wet
CQ702RC,3,1027,Wet
CR14,3,1028,Wet
B37,3,1029,Wet
E2558W,3,1030,Wet
Ab28A,3,1031,Wet
Z013E0127,3,1032,Wet
PHH93,3,1033,Wet
CML14,3,1034,Wet
Seagull Seventeen,3,1035,Wet
Sb1,3,1036,Wet
Z011E0187,3,1037,Wet
B57,3,1038,Wet
A659,3,1039,Wet
NC250,3,1040,Wet
Z013E0127,3,1041,Wet
G10D98,3,1042,Wet
793,3,1043,Wet
Va17,3,1044,Wet
N7A,3,1045,Wet
764,3,1046,Wet
Va14,3,1047,Wet
Ki14,3,1048,Wet
NC350,3,1049,Wet
Z013E0127,3,1050,Wet
Z022E0104,3,1051,Wet
Z022E0104,3,1052,Wet
Ki11,3,1053,Wet
Mo24W,3,1054,Wet
VA102,3,1055,Wet
Tzi25,3,1056,Wet
Z011E0187,3,1057,Wet
L317,3,1058,Wet
CH9,3,1059,Wet
CML91,3,1060,Wet
Z013E0127,3,1061,Wet
4676A,3,1062,Wet
LH208,3,1063,Wet
Va26,3,1064,Wet
Z011E0187,3,1065,Wet
Oh603,3,1066,Wet
Il14H,3,1067,Wet
P39,3,1068,Wet
Sb304,3,1069,Wet
MO1W,3,1070,Wet
NC356,3,1071,Wet
NC222,3,1072,Wet
Z025E0085,3,1073,Wet
NC306,3,1074,Wet
LH1,3,1075,Wet
LH145,3,1076,Wet
CML228,3,1077,Wet
778,3,1078,Wet
P9697AM~S,3,1079,Wet
Z025E0085,3,1080,Wet
F2834T,3,1081,Wet
PHN11,3,1082,Wet
R177,3,1083,Wet
CML38,3,1084,Wet
807,3,1085,Wet
Z022E0104,3,1086,Wet
CS608,3,1087,Wet
B76,3,1088,Wet
CI.7,3,1089,Wet
CML157Q,3,1090,Wet
Mo44,3,1091,Wet
Ky226,3,1092,Wet
Z011E0187,3,1093,Wet
LH123HT,3,1094,Wet
Sb203,3,1095,Wet
CML108,3,1096,Wet
R109B,3,1097,Wet
29MIBZ2,3,1098,Wet
LH150,3,1099,Wet
Pa880,3,1100,Wet
CM174,3,1101,Wet
Sb268,3,1102,Wet
CI66,3,1103,Wet
G09H57,3,1104,Wet
A188,3,1105,Wet
NC320,3,1106,Wet
A6,3,1107,Wet
NC238,3,1108,Wet
Pa762,3,1109,Wet
Z025E0085,3,1110,Wet
CML314,3,1111,Wet
PHG86,3,1112,Wet
M14,3,1113,Wet
Va85,3,1114,Wet
PHG35,3,1115,Wet
5707,3,1116,Wet
Z013E0127,3,1117,Wet
Z013E0127,3,1118,Wet
DE811,3,1119,Wet
A654,3,1120,Wet
PHG47,3,1121,Wet
NC232,3,1122,Wet
Hi27,3,1123,Wet
Ia5125,3,1124,Wet
B46,3,1125,Wet
B75,3,1126,Wet
Z013E0127,3,1127,Wet
Z011E0187,3,1128,Wet
Z011E0187,3,1129,Wet
PHW43,3,1130,Wet
CML92,3,1131,Wet
PHG39,3,1132,Wet
NC354,3,1133,Wet
EP1,3,1134,Wet
Z022E0104,3,1135,Wet
SA24,3,1136,Wet
R4,3,1137,Wet
Va59,3,1138,Wet
78371A,3,1139,Wet
Mo17,3,1140,Wet
MS71,3,1141,Wet
CO255,3,1142,Wet
NQ508,3,1143,Wet
NC360,3,1144,Wet
Z025E0085,3,1145,Wet
NC258,3,1146,Wet
C103,3,1147,Wet
H105W,3,1148,Wet
CM37,3,1149,Wet
Z011E0187,3,1150,Wet
Sb2,3,1151,Wet
NC296,3,1152,Wet
CML 238,3,1153,Wet
K4,3,1154,Wet
W182B,3,1155,Wet
Z022E0104,3,1156,Wet
792,3,1157,Wet
P9789AMXT,3,1158,Wet
CML328,3,1159,Wet
CML331,3,1160,Wet
I205,3,1161,Wet
Oh40B,3,1162,Wet
A661,3,1163,Wet
NC300,3,1164,Wet
LP5,3,1165,Wet
Z013E0127,3,1166,Wet
SD44,3,1167,Wet
POP-N-EAT,3,1168,Wet
Sg18,3,1169,Wet
N59B,3,1170,Wet
NC348,3,1171,Wet
Sg1533,3,1172,Wet
LH57,3,1173,Wet
IDS91,3,1174,Wet
CMV3,3,1175,Wet
B109,3,1176,Wet
ND246,3,1177,Wet
GA209,3,1178,Wet
DE1,3,1179,Wet
NC342,3,1180,Wet
F118,3,1181,Wet
CI21E,3,1182,Wet
Z022E0104,3,1183,Wet
NC336,3,1184,Wet
Z013E0127,3,1185,Wet
CO 125,3,1186,Wet
Z013E0127,3,1187,Wet
NC260,3,1188,Wet
Oh43,3,1189,Wet
LH85,3,1190,Wet
B103,3,1191,Wet
IA2132,3,1192,Wet
NC302,3,1193,Wet
Tx601,3,1194,Wet
M162W,3,1195,Wet
B64,3,1196,Wet
Sb356,3,1197,Wet
78010,3,1198,Wet
NC236,3,1199,Wet
Z022E0104,3,1200,Wet
Z022E0104,3,1201,Wet
B84,3,1202,Wet
CM105,3,1203,Wet
DJ7,3,1204,Wet
LH52,3,1205,Wet
Sb54,3,1206,Wet
Z025E0085,3,1207,Wet
PHZ51,3,1208,Wet
I137TN,3,1209,Wet
B73,3,1210,Wet
Z013E0127,3,1211,Wet
LH60,3,1212,Wet
CS405,3,1213,Wet
78004,3,1214,Wet
78551S,3,1215,Wet
CML277,3,1216,Wet
N6,3,1217,Wet
CML154Q,3,1218,Wet
LH183,3,1219,Wet
NC328,3,1220,Wet
CI90C,3,1221,Wet
N68B,3,1222,Wet
AQA3,3,1223,Wet
U267Y,3,1224,Wet
Tx303,3,1225,Wet
Z011E0187,3,1226,Wet
Z022E0104,3,1227,Wet
LH39,3,1228,Wet
NC362,3,1229,Wet
HP301,3,1230,Wet
CML158Q,3,1231,Wet
B10,3,1232,Wet
Il101,3,1233,Wet
N74L,3,1234,Wet
NC294,3,1235,Wet
PHWG5,3,1236,Wet
Yu796_NS,3,1237,Wet
NC310,3,1238,Wet
779,3,1239,Wet
DE_2,3,1240,Wet
PHK76,3,1241,Wet
Z011E0187,3,1242,Wet
B104,3,1243,Wet
ICI 740,3,1244,Wet
Va22,3,1245,Wet
A441-5,3,1246,Wet
SC55,3,1247,Wet
B105,3,1248,Wet
MS153,3,1249,Wet
Z025E0085,3,1250,Wet
CML333,3,1251,Wet
BO9,3,1252,Wet
PHG71,3,1253,Wet
Z011E0187,3,1254,Wet
MDF-13D,3,1255,Wet
KY228,3,1256,Wet
NS701,3,1257,Wet
H49,3,1258,Wet
CML341,3,1259,Wet
NC298,3,1260,Wet
IDS28,3,1261,Wet
N68K,3,1262,Wet
Sb178,3,1263,Wet
RS 710,3,1264,Wet
Mt42,3,1265,Wet
B79,3,1266,Wet
Black Jewell 85,3,1267,Wet
F6,3,1268,Wet
Z025E0085,3,1269,Wet
Oh43E,3,1270,Wet
CML247,3,1271,Wet
NC368,3,1272,Wet
Z022E0104,3,1273,Wet
T232,3,1274,Wet
Ki3,3,1275,Wet
L127,3,1276,Wet
Mo18W,3,1277,Wet
NC364,3,1278,Wet
Wf9,3,1279,Wet
NC338,3,1280,Wet
PHG84,3,1281,Wet
PHW17,3,1282,Wet
VaW6,3,1283,Wet
PHJ40,3,1284,Wet
MQ305,3,1285,Wet
PHG50,3,1286,Wet
CM7,3,1287,Wet
ML606,3,1288,Wet
CH701-30,3,1289,Wet
CML311,3,1290,Wet
K64,3,1291,Wet
W117HT,3,1292,Wet
NC33,3,1293,Wet
Z022E0104,3,1294,Wet
NC314,3,1295,Wet
CML52,3,1296,Wet
CI31A,3,1297,Wet
CML220,3,1298,Wet
Va35,3,1299,Wet
Z013E0127,3,1300,Wet
Tzi18,3,1301,Wet
Z011E0187,3,1302,Wet
H95,3,1303,Wet
Ky21,3,1304,Wet
Z022E0104,3,1305,Wet
MS1334,3,1306,Wet
Os420,3,1307,Wet
LH38,3,1308,Wet
W153R,3,1309,Wet
CI3A,3,1310,Wet
W22,3,1311,Wet
OH7B,3,1312,Wet
C49A,3,1313,Wet
Mp339,3,1314,Wet
B2,3,1315,Wet
LH54,3,1316,Wet
Z013E0127,3,1317,Wet
LP1 NR HT,3,1318,Wet
OQ403,3,1319,Wet
NC290A,3,1320,Wet
CI3A,4,1321,Dry
CML158Q,4,1322,Dry
LH213,4,1323,Dry
Z025E0085,4,1324,Dry
Z013E0127,4,1325,Dry
Mo47,4,1326,Dry
NC258,4,1327,Dry
Sb304,4,1328,Dry
B2,4,1329,Dry
Mp339,4,1330,Dry
Ia5125,4,1331,Dry
Z011E0187,4,1332,Dry
CML323,4,1333,Dry
C123,4,1334,Dry
B10,4,1335,Dry
LH85,4,1336,Dry
NC338,4,1337,Dry
PHWG5,4,1338,Dry
IDS69,4,1339,Dry
DJ7,4,1340,Dry
Z025E0085,4,1341,Dry
E2558W,4,1342,Dry
PHW43,4,1343,Dry
Il101,4,1344,Dry
HP301,4,1345,Dry
ML606,4,1346,Dry
Black Jewell 85,4,1347,Dry
NC352,4,1348,Dry
T8,4,1349,Dry
MDF-13D,4,1350,Dry
FAPW,4,1351,Dry
29MIBZ2,4,1352,Dry
Va59,4,1353,Dry
A619,4,1354,Dry
Z022E0104,4,1355,Dry
Va26,4,1356,Dry
NC348,4,1357,Dry
Q381,4,1358,Dry
Tx303,4,1359,Dry
BO9,4,1360,Dry
B46,4,1361,Dry
SC357,4,1362,Dry
LH1,4,1363,Dry
LH54,4,1364,Dry
Sb268,4,1365,Dry
Ky21,4,1366,Dry
G12J11,4,1367,Dry
W182B,4,1368,Dry
LH123HT,4,1369,Dry
CML247,4,1370,Dry
R177,4,1371,Dry
A661,4,1372,Dry
Z013E0127,4,1373,Dry
NC306,4,1374,Dry
CI28A,4,1375,Dry
Z011E0187,4,1376,Dry
Z022E0104,4,1377,Dry
11430,4,1378,Dry
NC346,4,1379,Dry
PHG71,4,1380,Dry
NC238,4,1381,Dry
DE1,4,1382,Dry
OQ403,4,1383,Dry
CML322,4,1384,Dry
N192,4,1385,Dry
Pa875,4,1386,Dry
Z025E0085,4,1387,Dry
78010,4,1388,Dry
PHZ51,4,1389,Dry
LH38,4,1390,Dry
G80,4,1391,Dry
HB8229,4,1392,Dry
Z011E0187,4,1393,Dry
FR19,4,1394,Dry
CML157Q,4,1395,Dry
NC294,4,1396,Dry
C103,4,1397,Dry
Sb54,4,1398,Dry
4226,4,1399,Dry
Z022E0104,4,1400,Dry
Z022E0104,4,1401,Dry
F6,4,1402,Dry
Z011E0187,4,1403,Dry
A441-5,4,1404,Dry
PHG86,4,1405,Dry
PHG72,4,1406,Dry
CML277,4,1407,Dry
MQ305,4,1408,Dry
CML10,4,1409,Dry
CML108,4,1410,Dry
NC232,4,1411,Dry
B75,4,1412,Dry
PHK76,4,1413,Dry
CO 125,4,1414,Dry
ICI 740,4,1415,Dry
CML11,4,1416,Dry
G16C59,4,1417,Dry
CML331,4,1418,Dry
Z013E0127,4,1419,Dry
Sb356,4,1420,Dry
H49,4,1421,Dry
ZS365,4,1422,Dry
Z022E0104,4,1423,Dry
T234,4,1424,Dry
A654,4,1425,Dry
NC230,4,1426,Dry
CML341,4,1427,Dry
LH60,4,1428,Dry
CML314,4,1429,Dry
PHG47,4,1430,Dry
Z025E0085,4,1431,Dry
F118,4,1432,Dry
CML14,4,1433,Dry
Ki11,4,1434,Dry
Sg18,4,1435,Dry
LH52,4,1436,Dry
N28Ht,4,1437,Dry
NC296A,4,1438,Dry
A680,4,1439,Dry
G09H57,4,1440,Dry
Oh43,4,1441,Dry
CML287,4,1442,Dry
Mo24W,4,1443,Dry
Z013E0127,4,1444,Dry
NC362,4,1445,Dry
CML52,4,1446,Dry
Pa762,4,1447,Dry
CML38,4,1448,Dry
MO1W,4,1449,Dry
Z022E0104,4,1450,Dry
NC310,4,1451,Dry
33-16,4,1452,Dry
Sb2,4,1453,Dry
Tzi25,4,1454,Dry
Z022E0104,4,1455,Dry
Sb203,4,1456,Dry
NC344,4,1457,Dry
SD44,4,1458,Dry
Sg1533,4,1459,Dry
CML69,4,1460,Dry
N70M,4,1461,Dry
PHV63,4,1462,Dry
CI.7,4,1463,Dry
B84,4,1464,Dry
B109,4,1465,Dry
LH146Ht,4,1466,Dry
NC314,4,1467,Dry
F44,4,1468,Dry
EP1,4,1469,Dry
Z013E0127,4,1470,Dry
B64,4,1471,Dry
Z011E0187,4,1472,Dry
207,4,1473,Dry
H99,4,1474,Dry
CML332,4,1475,Dry
NC296,4,1476,Dry
Tzi18,4,1477,Dry
CO255,4,1478,Dry
6F629,4,1479,Dry
F7,4,1480,Dry
5707,4,1481,Dry
N59B,4,1482,Dry
Sb1,4,1483,Dry
Pa91,4,1484,Dry
Z025E0085,4,1485,Dry
CML220,4,1486,Dry
PHJ40,4,1487,Dry
NC250,4,1488,Dry
Ki14,4,1489,Dry
Sb178,4,1490,Dry
4722,4,1491,Dry
Z011E0187,4,1492,Dry
K4,4,1493,Dry
Z011E0187,4,1494,Dry
PHG83,4,1495,Dry
Z013E0127,4,1496,Dry
B105,4,1497,Dry
B68,4,1498,Dry
P39,4,1499,Dry
A679,4,1500,Dry
Z022E0104,4,1501,Dry
H8431,4,1502,Dry
NC340,4,1503,Dry
CML 238,4,1504,Dry
MS1334,4,1505,Dry
Va22,4,1506,Dry
PHN11,4,1507,Dry
OH7B,4,1508,Dry
G10D98,4,1509,Dry
B76,4,1510,Dry
CI21E,4,1511,Dry
B103,4,1512,Dry
A632,4,1513,Dry
IDS91,4,1514,Dry
H84,4,1515,Dry
NC298,4,1516,Dry
VaW6,4,1517,Dry
B77,4,1518,Dry
Z022E0104,4,1519,Dry
Z013E0127,4,1520,Dry
IA2132,4,1521,Dry
Pa880,4,1522,Dry
FBHJ,4,1523,Dry
NC222,4,1524,Dry
M162W,4,1525,Dry
CM7,4,1526,Dry
Va85,4,1527,Dry
I137TN,4,1528,Dry
78551S,4,1529,Dry
Yu796_NS,4,1530,Dry
N68B,4,1531,Dry
VA102,4,1532,Dry
ZS01250,4,1533,Dry
NC324,4,1534,Dry
MBNA,4,1535,Dry
LH150,4,1536,Dry
Z011E0187,4,1537,Dry
I205,4,1538,Dry
A6,4,1539,Dry
NC328,4,1540,Dry
CR1HT,4,1541,Dry
SA24,4,1542,Dry
LH51,4,1543,Dry
CML328,4,1544,Dry
AQA3,4,1545,Dry
Tzi9,4,1546,Dry
LH74,4,1547,Dry
Oh40B,4,1548,Dry
I29,4,1549,Dry
Z025E0085,4,1550,Dry
DE811,4,1551,Dry
CM37,4,1552,Dry
Va14,4,1553,Dry
Z025E0085,4,1554,Dry
RS 710,4,1555,Dry
Z022E0104,4,1556,Dry
Va17,4,1557,Dry
CML91,4,1558,Dry
S8324,4,1559,Dry
CML311,4,1560,Dry
MS71,4,1561,Dry
Oh603,4,1562,Dry
T232,4,1563,Dry
CS608,4,1564,Dry
CR14,4,1565,Dry
LH183,4,1566,Dry
PHG35,4,1567,Dry
U267Y,4,1568,Dry
A188,4,1569,Dry
LP5,4,1570,Dry
ND246,4,1571,Dry
Z013E0127,4,1572,Dry
Z011E0187,4,1573,Dry
Il14H,4,1574,Dry
CML154Q,4,1575,Dry
NC350,4,1576,Dry
CQ702RC,4,1577,Dry
Z025E0085,4,1578,Dry
Z013E0127,4,1579,Dry
A556,4,1580,Dry
PHW65,4,1581,Dry
B57,4,1582,Dry
H91,4,1583,Dry
CH9,4,1584,Dry
NC264,4,1585,Dry
PHG39,4,1586,Dry
NQ508,4,1587,Dry
NS701,4,1588,Dry
NC368,4,1589,Dry
CML228,4,1590,Dry
SD40,4,1591,Dry
Z022E0104,4,1592,Dry
NC33,4,1593,Dry
Z022E0104,4,1594,Dry
H95,4,1595,Dry
Z022E0104,4,1596,Dry
3IIH6,4,1597,Dry
MBST,4,1598,Dry
Z011E0187,4,1599,Dry
CI187-2,4,1600,Dry
Z011E0187,4,1601,Dry
NC290A,4,1602,Dry
CML92,4,1603,Dry
Z013E0127,4,1604,Dry
Va35,4,1605,Dry
CML218,4,1606,Dry
S8326,4,1607,Dry
Mo17,4,1608,Dry
PHG50,4,1609,Dry
CM174,4,1610,Dry
SC55,4,1611,Dry
B37,4,1612,Dry
B97,4,1613,Dry
2FACC,4,1614,Dry
KUI44,4,1615,Dry
Z011E0187,4,1616,Dry
R168,4,1617,Dry
R4,4,1618,Dry
W153R,4,1619,Dry
Z013E0127,4,1620,Dry
LH208,4,1621,Dry
P9697AM~S,4,1622,Dry
2MA22,4,1623,Dry
764,4,1624,Dry
LH93,4,1625,Dry
NC356,4,1626,Dry
Z011E0187,4,1627,Dry
778,4,1628,Dry
Kui2021,4,1629,Dry
NC236,4,1630,Dry
Os420,4,1631,Dry
Tx601,4,1632,Dry
PHG84,4,1633,Dry
Mo18W,4,1634,Dry
CM105,4,1635,Dry
Mo44,4,1636,Dry
Mo46,4,1637,Dry
Z022E0104,4,1638,Dry
792,4,1639,Dry
E8501,4,1640,Dry
CS405,4,1641,Dry
A634,4,1642,Dry
NS501,4,1643,Dry
N6,4,1644,Dry
NC358,4,1645,Dry
Z022E0104,4,1646,Dry
A239,4,1647,Dry
Oh43E,4,1648,Dry
IDS28,4,1649,Dry
Z013E0127,4,1650,Dry
Mo45,4,1651,Dry
NC300,4,1652,Dry
Mt42,4,1653,Dry
CML321,4,1654,Dry
C49A,4,1655,Dry
Va99,4,1656,Dry
Z025E0085,4,1657,Dry
779,4,1658,Dry
A554,4,1659,Dry
CH701-30,4,1660,Dry
H105W,4,1661,Dry
LH57,4,1662,Dry
LH82,4,1663,Dry
NC262,4,1664,Dry
SC213R,4,1665,Dry
A659,4,1666,Dry
Tzi8,4,1667,Dry
Z022E0104,4,1668,Dry
NC320,4,1669,Dry
CI91B,4,1670,Dry
GA209,4,1671,Dry
CO106,4,1672,Dry
Z025E0085,4,1673,Dry
M37W,4,1674,Dry
NC302,4,1675,Dry
DE_2,4,1676,Dry
Ab28A,4,1677,Dry
B73Htrhm,4,1678,Dry
Hi27,4,1679,Dry
CML258,4,1680,Dry
L127,4,1681,Dry
Z025E0085,4,1682,Dry
78371A,4,1683,Dry
Z025E0085,4,1684,Dry
4676A,4,1685,Dry
W117HT,4,1686,Dry
N7A,4,1687,Dry
MS153,4,1688,Dry
Z013E0127,4,1689,Dry
N74L,4,1690,Dry
Z022E0104,4,1691,Dry
KY228,4,1692,Dry
Z022E0104,4,1693,Dry
NC260,4,1694,Dry
W64A,4,1695,Dry
B14A,4,1696,Dry
A682,4,1697,Dry
Sb399,4,1698,Dry
38-11,4,1699,Dry
W22,4,1700,Dry
Z013E0127,4,1701,Dry
Z011E0187,4,1702,Dry
Ky226,4,1703,Dry
PHH93,4,1704,Dry
CML333,4,1705,Dry
Z013E0127,4,1706,Dry
NC336,4,1707,Dry
F2834T,4,1708,Dry
L578,4,1709,Dry
Wf9,4,1710,Dry
A214N,4,1711,Dry
Z011E0187,4,1712,Dry
CI31A,4,1713,Dry
NC354,4,1714,Dry
807,4,1715,Dry
B79,4,1716,Dry
GT112,4,1717,Dry
Seagull Seventeen,4,1718,Dry
NC326,4,1719,Dry
NC342,4,1720,Dry
Z022E0104,4,1721,Dry
LH145,4,1722,Dry
CI66,4,1723,Dry
Z013E0127,4,1724,Dry
F42,4,1725,Dry
Z013E0127,4,1726,Dry
B73,4,1727,Dry
Ki3,4,1728,Dry
HBA1,4,1729,Dry
Hy,4,1730,Dry
LP1 NR HT,4,1731,Dry
K64,4,1732,Dry
WIL500,4,1733,Dry
M14,4,1734,Dry
NC364,4,1735,Dry
Z013E0127,4,1736,Dry
MoG,4,1737,Dry
R229,4,1738,Dry
POP-N-EAT,4,1739,Dry
LH39,4,1740,Dry
B104,4,1741,Dry
R109B,4,1742,Dry
Tzi16,4,1743,Dry
P9789AMXT,4,1744,Dry
A635,4,1745,Dry
B164,4,1746,Dry
CI90C,4,1747,Dry
L317,4,1748,Dry
Z011E0187,4,1749,Dry
793,4,1750,Dry
FBLA,4,1751,Dry
CMV3,4,1752,Dry
CML103,4,1753,Dry
Z011E0187,4,1754,Dry
N68K,4,1755,Dry
NC360,4,1756,Dry
K55,4,1757,Dry
NC366,4,1758,Dry
Z022E0104,4,1759,Dry
PHT77,4,1760,Dry
MDF-13D,5,1761,Wet
NC328,5,1762,Wet
NQ508,5,1763,Wet
NC33,5,1764,Wet
Z022E0104,5,1765,Wet
Va17,5,1766,Wet
Ky21,5,1767,Wet
IA2132,5,1768,Wet
CH701-30,5,1769,Wet
Mo47,5,1770,Wet
FBLA,5,1771,Wet
NC222,5,1772,Wet
A659,5,1773,Wet
G12J11,5,1774,Wet
Z025E0085,5,1775,Wet
CML157Q,5,1776,Wet
CH9,5,1777,Wet
B77,5,1778,Wet
Z013E0127,5,1779,Wet
B97,5,1780,Wet
G16C59,5,1781,Wet
N7A,5,1782,Wet
P39,5,1783,Wet
779,5,1784,Wet
Tx303,5,1785,Wet
Mo44,5,1786,Wet
3IIH6,5,1787,Wet
B103,5,1788,Wet
Mo46,5,1789,Wet
Z013E0127,5,1790,Wet
B46,5,1791,Wet
F6,5,1792,Wet
2FACC,5,1793,Wet
Z011E0187,5,1794,Wet
Z022E0104,5,1795,Wet
HB8229,5,1796,Wet
OQ403,5,1797,Wet
NC296A,5,1798,Wet
CML 238,5,1799,Wet
H91,5,1800,Wet
Z011E0187,5,1801,Wet
CML69,5,1802,Wet
LH85,5,1803,Wet
5707,5,1804,Wet
CML247,5,1805,Wet
NC320,5,1806,Wet
NC262,5,1807,Wet
CML108,5,1808,Wet
Z022E0104,5,1809,Wet
Z025E0085,5,1810,Wet
NC354,5,1811,Wet
NC346,5,1812,Wet
PHG86,5,1813,Wet
F44,5,1814,Wet
Z025E0085,5,1815,Wet
Ia5125,5,1816,Wet
CML287,5,1817,Wet
Z011E0187,5,1818,Wet
PHG84,5,1819,Wet
NC324,5,1820,Wet
PHG83,5,1821,Wet
B2,5,1822,Wet
I137TN,5,1823,Wet
F7,5,1824,Wet
SD44,5,1825,Wet
G09H57,5,1826,Wet
Z022E0104,5,1827,Wet
NC290A,5,1828,Wet
B57,5,1829,Wet
Z022E0104,5,1830,Wet
Z013E0127,5,1831,Wet
NC360,5,1832,Wet
CI.7,5,1833,Wet
LH146Ht,5,1834,Wet
NC340,5,1835,Wet
Z013E0127,5,1836,Wet
A441-5,5,1837,Wet
Z022E0104,5,1838,Wet
EP1,5,1839,Wet
Z013E0127,5,1840,Wet
CML311,5,1841,Wet
NC356,5,1842,Wet
LH150,5,1843,Wet
R177,5,1844,Wet
T8,5,1845,Wet
Z011E0187,5,1846,Wet
33-16,5,1847,Wet
Ab28A,5,1848,Wet
LH208,5,1849,Wet
H8431,5,1850,Wet
L127,5,1851,Wet
793,5,1852,Wet
Z011E0187,5,1853,Wet
Sb356,5,1854,Wet
Tzi8,5,1855,Wet
Z011E0187,5,1856,Wet
ICI 740,5,1857,Wet
G80,5,1858,Wet
U267Y,5,1859,Wet
Z013E0127,5,1860,Wet
Z022E0104,5,1861,Wet
NC300,5,1862,Wet
NC250,5,1863,Wet
M162W,5,1864,Wet
MoG,5,1865,Wet
Z022E0104,5,1866,Wet
78010,5,1867,Wet
CM37,5,1868,Wet
Z013E0127,5,1869,Wet
H105W,5,1870,Wet
LH57,5,1871,Wet
LH93,5,1872,Wet
807,5,1873,Wet
Mo18W,5,1874,Wet
N68B,5,1875,Wet
6F629,5,1876,Wet
OH7B,5,1877,Wet
CS608,5,1878,Wet
Z025E0085,5,1879,Wet
ZS365,5,1880,Wet
IDS91,5,1881,Wet
Va26,5,1882,Wet
P9789AMXT,5,1883,Wet
Mo24W,5,1884,Wet
Va14,5,1885,Wet
NC348,5,1886,Wet
Pa762,5,1887,Wet
Z011E0187,5,1888,Wet
Il14H,5,1889,Wet
W22,5,1890,Wet
NC326,5,1891,Wet
Z025E0085,5,1892,Wet
PHWG5,5,1893,Wet
Va85,5,1894,Wet
N68K,5,1895,Wet
B73Htrhm,5,1896,Wet
Sg18,5,1897,Wet
Oh43E,5,1898,Wet
PHG50,5,1899,Wet
Va35,5,1900,Wet
Ki11,5,1901,Wet
LH145,5,1902,Wet
F42,5,1903,Wet
Z011E0187,5,1904,Wet
A635,5,1905,Wet
Z013E0127,5,1906,Wet
NC366,5,1907,Wet
Oh43,5,1908,Wet
4676A,5,1909,Wet
LH51,5,1910,Wet
778,5,1911,Wet
H95,5,1912,Wet
Mo45,5,1913,Wet
PHW65,5,1914,Wet
Z013E0127,5,1915,Wet
NC296,5,1916,Wet
CML322,5,1917,Wet
Mo17,5,1918,Wet
HBA1,5,1919,Wet
NC294,5,1920,Wet
LH39,5,1921,Wet
KY228,5,1922,Wet
NC260,5,1923,Wet
PHG72,5,1924,Wet
Z022E0104,5,1925,Wet
NC232,5,1926,Wet
GA209,5,1927,Wet
LH52,5,1928,Wet
NC258,5,1929,Wet
78551S,5,1930,Wet
LH82,5,1931,Wet
A632,5,1932,Wet
DE_2,5,1933,Wet
SC357,5,1934,Wet
Z011E0187,5,1935,Wet
2MA22,5,1936,Wet
Il101,5,1937,Wet
DE1,5,1938,Wet
H49,5,1939,Wet
CML91,5,1940,Wet
MO1W,5,1941,Wet
Z025E0085,5,1942,Wet
Sb203,5,1943,Wet
Os420,5,1944,Wet
A239,5,1945,Wet
PHN11,5,1946,Wet
B10,5,1947,Wet
Z013E0127,5,1948,Wet
NC342,5,1949,Wet
Ky226,5,1950,Wet
I205,5,1951,Wet
B14A,5,1952,Wet
IDS69,5,1953,Wet
NS501,5,1954,Wet
NC230,5,1955,Wet
NC362,5,1956,Wet
MBNA,5,1957,Wet
W182B,5,1958,Wet
PHW43,5,1959,Wet
PHJ40,5,1960,Wet
W153R,5,1961,Wet
SC213R,5,1962,Wet
HP301,5,1963,Wet
Z022E0104,5,1964,Wet
B164,5,1965,Wet
78371A,5,1966,Wet
Mt42,5,1967,Wet
SC55,5,1968,Wet
K4,5,1969,Wet
CMV3,5,1970,Wet
K55,5,1971,Wet
CML328,5,1972,Wet
NC236,5,1973,Wet
B109,5,1974,Wet
T234,5,1975,Wet
Z022E0104,5,1976,Wet
A661,5,1977,Wet
Z011E0187,5,1978,Wet
NC238,5,1979,Wet
G10D98,5,1980,Wet
MQ305,5,1981,Wet
PHG47,5,1982,Wet
CR14,5,1983,Wet
Va99,5,1984,Wet
NC302,5,1985,Wet
RS 710,5,1986,Wet
PHK76,5,1987,Wet
CML321,5,1988,Wet
N6,5,1989,Wet
PHG39,5,1990,Wet
Kui2021,5,1991,Wet
CML158Q,5,1992,Wet
Z025E0085,5,1993,Wet
LH213,5,1994,Wet
M14,5,1995,Wet
A654,5,1996,Wet
PHV63,5,1997,Wet
CO 125,5,1998,Wet
CI187-2,5,1999,Wet
Oh40B,5,2000,Wet
B64,5,2001,Wet
C103,5,2002,Wet
Z022E0104,5,2003,Wet
I29,5,2004,Wet
A634,5,2005,Wet
Sg1533,5,2006,Wet
Va59,5,2007,Wet
CML14,5,2008,Wet
Z025E0085,5,2009,Wet
NC298,5,2010,Wet
A554,5,2011,Wet
PHG35,5,2012,Wet
E2558W,5,2013,Wet
A556,5,2014,Wet
SD40,5,2015,Wet
FBHJ,5,2016,Wet
B73,5,2017,Wet
VaW6,5,2018,Wet
Sb2,5,2019,Wet
ND246,5,2020,Wet
NC358,5,2021,Wet
CML341,5,2022,Wet
ZS01250,5,2023,Wet
LH74,5,2024,Wet
Z025E0085,5,2025,Wet
NC344,5,2026,Wet
N59B,5,2027,Wet
GT112,5,2028,Wet
A188,5,2029,Wet
Z011E0187,5,2030,Wet
CML332,5,2031,Wet
Pa875,5,2032,Wet
DJ7,5,2033,Wet
Sb268,5,2034,Wet
FR19,5,2035,Wet
Hy,5,2036,Wet
Black Jewell 85,5,2037,Wet
F2834T,5,2038,Wet
Z011E0187,5,2039,Wet
CO255,5,2040,Wet
Oh603,5,2041,Wet
CML92,5,2042,Wet
LH183,5,2043,Wet
A6,5,2044,Wet
Z013E0127,5,2045,Wet
CML228,5,2046,Wet
Mp339,5,2047,Wet
Tzi9,5,2048,Wet
CML38,5,2049,Wet
R168,5,2050,Wet
N28Ht,5,2051,Wet
Z013E0127,5,2052,Wet
CI90C,5,2053,Wet
CI21E,5,2054,Wet
Tzi18,5,2055,Wet
B105,5,2056,Wet
F118,5,2057,Wet
NC352,5,2058,Wet
764,5,2059,Wet
Z022E0104,5,2060,Wet
B79,5,2061,Wet
A619,5,2062,Wet
W117HT,5,2063,Wet
N70M,5,2064,Wet
B84,5,2065,Wet
LP5,5,2066,Wet
Z011E0187,5,2067,Wet
CO106,5,2068,Wet
SA24,5,2069,Wet
CML154Q,5,2070,Wet
CML103,5,2071,Wet
NC306,5,2072,Wet
LH38,5,2073,Wet
Z013E0127,5,2074,Wet
N74L,5,2075,Wet
Sb178,5,2076,Wet
A679,5,2077,Wet
NC338,5,2078,Wet
Sb1,5,2079,Wet
LH54,5,2080,Wet
Sb54,5,2081,Wet
IDS28,5,2082,Wet
Hi27,5,2083,Wet
Wf9,5,2084,Wet
38-11,5,2085,Wet
4722,5,2086,Wet
Z013E0127,5,2087,Wet
CML277,5,2088,Wet
Sb399,5,2089,Wet
MS71,5,2090,Wet
Yu796_NS,5,2091,Wet
R229,5,2092,Wet
Z022E0104,5,2093,Wet
NC364,5,2094,Wet
DE811,5,2095,Wet
Tzi16,5,2096,Wet
PHT77,5,2097,Wet
11430,5,2098,Wet
LH123HT,5,2099,Wet
WIL500,5,2100,Wet
BO9,5,2101,Wet
MS153,5,2102,Wet
Z025E0085,5,2103,Wet
L578,5,2104,Wet
R109B,5,2105,Wet
B37,5,2106,Wet
CM105,5,2107,Wet
CI3A,5,2108,Wet
Tzi25,5,2109,Wet
H99,5,2110,Wet
CI28A,5,2111,Wet
NC368,5,2112,Wet
NC314,5,2113,Wet
CML258,5,2114,Wet
CI66,5,2115,Wet
W64A,5,2116,Wet
CQ702RC,5,2117,Wet
R4,5,2118,Wet
Z013E0127,5,2119,Wet
MS1334,5,2120,Wet
AQA3,5,2121,Wet
B75,5,2122,Wet
CML220,5,2123,Wet
Z011E0187,5,2124,Wet
CR1HT,5,2125,Wet
4226,5,2126,Wet
N192,5,2127,Wet
B104,5,2128,Wet
CML314,5,2129,Wet
Z022E0104,5,2130,Wet
Sb304,5,2131,Wet
NC310,5,2132,Wet
K64,5,2133,Wet
Ki14,5,2134,Wet
A682,5,2135,Wet
CML11,5,2136,Wet
29MIBZ2,5,2137,Wet
NC264,5,2138,Wet
Z011E0187,5,2139,Wet
CML331,5,2140,Wet
NC336,5,2141,Wet
NS701,5,2142,Wet
MBST,5,2143,Wet
LH1,5,2144,Wet
T232,5,2145,Wet
A680,5,2146,Wet
LH60,5,2147,Wet
CML333,5,2148,Wet
Z011E0187,5,2149,Wet
E8501,5,2150,Wet
A214N,5,2151,Wet
Tx601,5,2152,Wet
L317,5,2153,Wet
PHH93,5,2154,Wet
C123,5,2155,Wet
FAPW,5,2156,Wet
H84,5,2157,Wet
KUI44,5,2158,Wet
VA102,5,2159,Wet
Z025E0085,5,2160,Wet
CI91B,5,2161,Wet
CML323,5,2162,Wet
Z013E0127,5,2163,Wet
CML52,5,2164,Wet
Z022E0104,5,2165,Wet
Z013E0127,5,2166,Wet
CML218,5,2167,Wet
Pa91,5,2168,Wet
CM174,5,2169,Wet
Z013E0127,5,2170,Wet
792,5,2171,Wet
P9697AM~S,5,2172,Wet
CML10,5,2173,Wet
B76,5,2174,Wet
S8326,5,2175,Wet
Z022E0104,5,2176,Wet
PHG71,5,2177,Wet
Z022E0104,5,2178,Wet
C49A,5,2179,Wet
POP-N-EAT,5,2180,Wet
CM7,5,2181,Wet
207,5,2182,Wet
M37W,5,2183,Wet
Z022E0104,5,2184,Wet
CI31A,5,2185,Wet
Seagull Seventeen,5,2186,Wet
S8324,5,2187,Wet
Z011E0187,5,2188,Wet
CS405,5,2189,Wet
Va22,5,2190,Wet
PHZ51,5,2191,Wet
ML606,5,2192,Wet
Z022E0104,5,2193,Wet
B68,5,2194,Wet
Ki3,5,2195,Wet
LP1 NR HT,5,2196,Wet
Q381,5,2197,Wet
Z025E0085,5,2198,Wet
NC350,5,2199,Wet
Pa880,5,2200,Wet
CR14,6,2201,Dry
29MIBZ2,6,2202,Dry
I137TN,6,2203,Dry
SD44,6,2204,Dry
CML331,6,2205,Dry
PHT77,6,2206,Dry
CML277,6,2207,Dry
NC368,6,2208,Dry
Z013E0127,6,2209,Dry
NC306,6,2210,Dry
NC294,6,2211,Dry
Sb399,6,2212,Dry
W153R,6,2213,Dry
NC314,6,2214,Dry
Mo24W,6,2215,Dry
CI.7,6,2216,Dry
Sb356,6,2217,Dry
A188,6,2218,Dry
CML321,6,2219,Dry
78371A,6,2220,Dry
6F629,6,2221,Dry
CM37,6,2222,Dry
ZS01250,6,2223,Dry
Z013E0127,6,2224,Dry
LH54,6,2225,Dry
LH51,6,2226,Dry
W117HT,6,2227,Dry
T234,6,2228,Dry
GA209,6,2229,Dry
B75,6,2230,Dry
764,6,2231,Dry
CML 238,6,2232,Dry
Z025E0085,6,2233,Dry
Mo46,6,2234,Dry
CI21E,6,2235,Dry
CML311,6,2236,Dry
Va17,6,2237,Dry
A661,6,2238,Dry
OH7B,6,2239,Dry
Pa875,6,2240,Dry
FBLA,6,2241,Dry
Ky21,6,2242,Dry
N74L,6,2243,Dry
Z022E0104,6,2244,Dry
Ky226,6,2245,Dry
CI91B,6,2246,Dry
CI31A,6,2247,Dry
M14,6,2248,Dry
LH93,6,2249,Dry
Tx303,6,2250,Dry
Z022E0104,6,2251,Dry
G12J11,6,2252,Dry
A619,6,2253,Dry
Tzi18,6,2254,Dry
Z011E0187,6,2255,Dry
B76,6,2256,Dry
A682,6,2257,Dry
Z011E0187,6,2258,Dry
A679,6,2259,Dry
Mo18W,6,2260,Dry
FR19,6,2261,Dry
NC260,6,2262,Dry
C103,6,2263,Dry
Mo47,6,2264,Dry
B57,6,2265,Dry
SA24,6,2266,Dry
NC230,6,2267,Dry
Z025E0085,6,2268,Dry
E8501,6,2269,Dry
778,6,2270,Dry
NS501,6,2271,Dry
Wf9,6,2272,Dry
NC238,6,2273,Dry
Z022E0104,6,2274,Dry
CML158Q,6,2275,Dry
F42,6,2276,Dry
Sb268,6,2277,Dry
B73Htrhm,6,2278,Dry
Va99,6,2279,Dry
Z013E0127,6,2280,Dry
I205,6,2281,Dry
Z013E0127,6,2282,Dry
Z025E0085,6,2283,Dry
Ki11,6,2284,Dry
LH213,6,2285,Dry
207,6,2286,Dry
Mo44,6,2287,Dry
CML52,6,2288,Dry
CM174,6,2289,Dry
A680,6,2290,Dry
NC324,6,2291,Dry
Mo45,6,2292,Dry
LH145,6,2293,Dry
CML103,6,2294,Dry
N70M,6,2295,Dry
MS1334,6,2296,Dry
LH60,6,2297,Dry
E2558W,6,2298,Dry
78010,6,2299,Dry
Z022E0104,6,2300,Dry
Oh603,6,2301,Dry
F7,6,2302,Dry
Z013E0127,6,2303,Dry
CML108,6,2304,Dry
PHWG5,6,2305,Dry
Sb54,6,2306,Dry
ICI 740,6,2307,Dry
A635,6,2308,Dry
Z022E0104,6,2309,Dry
LH208,6,2310,Dry
Sb1,6,2311,Dry
3IIH6,6,2312,Dry
Hi27,6,2313,Dry
N59B,6,2314,Dry
Z011E0187,6,2315,Dry
NC290A,6,2316,Dry
BO9,6,2317,Dry
B46,6,2318,Dry
F2834T,6,2319,Dry
CS405,6,2320,Dry
H8431,6,2321,Dry
B97,6,2322,Dry
Z011E0187,6,2323,Dry
LH74,6,2324,Dry
Z011E0187,6,2325,Dry
Mp339,6,2326,Dry
N192,6,2327,Dry
NC320,6,2328,Dry
Ab28A,6,2329,Dry
NC350,6,2330,Dry
Z011E0187,6,2331,Dry
Tzi25,6,2332,Dry
B84,6,2333,Dry
Tx601,6,2334,Dry
B104,6,2335,Dry
Z025E0085,6,2336,Dry
G16C59,6,2337,Dry
NC310,6,2338,Dry
NC326,6,2339,Dry
4676A,6,2340,Dry
LH39,6,2341,Dry
LH146Ht,6,2342,Dry
NS701,6,2343,Dry
Tzi9,6,2344,Dry
R177,6,2345,Dry
Tzi16,6,2346,Dry
CO106,6,2347,Dry
U267Y,6,2348,Dry
Z011E0187,6,2349,Dry
2MA22,6,2350,Dry
Q381,6,2351,Dry
R109B,6,2352,Dry
PHW43,6,2353,Dry
B10,6,2354,Dry
W22,6,2355,Dry
Va14,6,2356,Dry
PHG72,6,2357,Dry
Sb178,6,2358,Dry
B79,6,2359,Dry
Z022E0104,6,2360,Dry
NC302,6,2361,Dry
Tzi8,6,2362,Dry
PHG86,6,2363,Dry
NQ508,6,2364,Dry
NC348,6,2365,Dry
PHG83,6,2366,Dry
PHK76,6,2367,Dry
LP5,6,2368,Dry
Z025E0085,6,2369,Dry
Mo17,6,2370,Dry
PHG50,6,2371,Dry
H95,6,2372,Dry
PHG71,6,2373,Dry
Z013E0127,6,2374,Dry
CML91,6,2375,Dry
N6,6,2376,Dry
CM105,6,2377,Dry
MO1W,6,2378,Dry
CMV3,6,2379,Dry
G10D98,6,2380,Dry
CML333,6,2381,Dry
Sg1533,6,2382,Dry
H99,6,2383,Dry
CI66,6,2384,Dry
Z011E0187,6,2385,Dry
Z025E0085,6,2386,Dry
NC33,6,2387,Dry
NC354,6,2388,Dry
A659,6,2389,Dry
H91,6,2390,Dry
LH150,6,2391,Dry
H105W,6,2392,Dry
R168,6,2393,Dry
F118,6,2394,Dry
807,6,2395,Dry
Z013E0127,6,2396,Dry
NC356,6,2397,Dry
793,6,2398,Dry
CML247,6,2399,Dry
NC296A,6,2400,Dry
K55,6,2401,Dry
P39,6,2402,Dry
MDF-13D,6,2403,Dry
Z013E0127,6,2404,Dry
HB8229,6,2405,Dry
CH9,6,2406,Dry
ML606,6,2407,Dry
CML10,6,2408,Dry
FAPW,6,2409,Dry
Z022E0104,6,2410,Dry
NC264,6,2411,Dry
Pa762,6,2412,Dry
NC298,6,2413,Dry
IDS69,6,2414,Dry
C49A,6,2415,Dry
SC357,6,2416,Dry
DE811,6,2417,Dry
CR1HT,6,2418,Dry
Hy,6,2419,Dry
B73,6,2420,Dry
2FACC,6,2421,Dry
NC250,6,2422,Dry
EP1,6,2423,Dry
Z022E0104,6,2424,Dry
PHW65,6,2425,Dry
PHG47,6,2426,Dry
CO255,6,2427,Dry
B68,6,2428,Dry
LH85,6,2429,Dry
Z011E0187,6,2430,Dry
B109,6,2431,Dry
78551S,6,2432,Dry
4722,6,2433,Dry
MBST,6,2434,Dry
CI3A,6,2435,Dry
Z025E0085,6,2436,Dry
Z022E0104,6,2437,Dry
Yu796_NS,6,2438,Dry
Va26,6,2439,Dry
R229,6,2440,Dry
DJ7,6,2441,Dry
Z025E0085,6,2442,Dry
A554,6,2443,Dry
CS608,6,2444,Dry
NC364,6,2445,Dry
OQ403,6,2446,Dry
SC213R,6,2447,Dry
KUI44,6,2448,Dry
38-11,6,2449,Dry
LH123HT,6,2450,Dry
ZS365,6,2451,Dry
Pa91,6,2452,Dry
NC362,6,2453,Dry
NC296,6,2454,Dry
Va35,6,2455,Dry
Black Jewell 85,6,2456,Dry
Z013E0127,6,2457,Dry
NC366,6,2458,Dry
G09H57,6,2459,Dry
CML154Q,6,2460,Dry
DE_2,6,2461,Dry
L317,6,2462,Dry
Z022E0104,6,2463,Dry
NC336,6,2464,Dry
B77,6,2465,Dry
Z022E0104,6,2466,Dry
CML322,6,2467,Dry
Sg18,6,2468,Dry
Z013E0127,6,2469,Dry
B64,6,2470,Dry
CI187-2,6,2471,Dry
LH38,6,2472,Dry
N28Ht,6,2473,Dry
Z011E0187,6,2474,Dry
Il101,6,2475,Dry
Oh43,6,2476,Dry
CML220,6,2477,Dry
A239,6,2478,Dry
Z011E0187,6,2479,Dry
A634,6,2480,Dry
Z011E0187,6,2481,Dry
CML92,6,2482,Dry
CI90C,6,2483,Dry
Va85,6,2484,Dry
CO 125,6,2485,Dry
VaW6,6,2486,Dry
Z011E0187,6,2487,Dry
CML11,6,2488,Dry
Z022E0104,6,2489,Dry
M37W,6,2490,Dry
KY228,6,2491,Dry
792,6,2492,Dry
R4,6,2493,Dry
CML218,6,2494,Dry
CML228,6,2495,Dry
C123,6,2496,Dry
MQ305,6,2497,Dry
CQ702RC,6,2498,Dry
Z022E0104,6,2499,Dry
H49,6,2500,Dry
A6,6,2501,Dry
Sb304,6,2502,Dry
Kui2021,6,2503,Dry
Z025E0085,6,2504,Dry
Os420,6,2505,Dry
DE1,6,2506,Dry
GT112,6,2507,Dry
Z022E0104,6,2508,Dry
VA102,6,2509,Dry
Va22,6,2510,Dry
RS 710,6,2511,Dry
Z013E0127,6,2512,Dry
Oh40B,6,2513,Dry
CML69,6,2514,Dry
Z013E0127,6,2515,Dry
N68B,6,2516,Dry
T232,6,2517,Dry
CML157Q,6,2518,Dry
HBA1,6,2519,Dry
Pa880,6,2520,Dry
Z025E0085,6,2521,Dry
A632,6,2522,Dry
Z013E0127,6,2523,Dry
779,6,2524,Dry
NC262,6,2525,Dry
5707,6,2526,Dry
NC344,6,2527,Dry
Ia5125,6,2528,Dry
F6,6,2529,Dry
LH52,6,2530,Dry
Z025E0085,6,2531,Dry
Sb2,6,2532,Dry
CML332,6,2533,Dry
NC328,6,2534,Dry
K64,6,2535,Dry
Sb203,6,2536,Dry
L578,6,2537,Dry
Ki3,6,2538,Dry
Z022E0104,6,2539,Dry
B103,6,2540,Dry
IA2132,6,2541,Dry
ND246,6,2542,Dry
CML314,6,2543,Dry
NC340,6,2544,Dry
NC258,6,2545,Dry
Oh43E,6,2546,Dry
Il14H,6,2547,Dry
T8,6,2548,Dry
LH1,6,2549,Dry
Z011E0187,6,2550,Dry
MoG,6,2551,Dry
P9697AM~S,6,2552,Dry
CML287,6,2553,Dry
NC236,6,2554,Dry
Z013E0127,6,2555,Dry
Z011E0187,6,2556,Dry
Z011E0187,6,2557,Dry
SC55,6,2558,Dry
N7A,6,2559,Dry
B164,6,2560,Dry
FBHJ,6,2561,Dry
NC338,6,2562,Dry
IDS91,6,2563,Dry
W182B,6,2564,Dry
A214N,6,2565,Dry
POP-N-EAT,6,2566,Dry
Z022E0104,6,2567,Dry
CI28A,6,2568,Dry
LH57,6,2569,Dry
PHN11,6,2570,Dry
H84,6,2571,Dry
Z022E0104,6,2572,Dry
NC360,6,2573,Dry
Z022E0104,6,2574,Dry
Seagull Seventeen,6,2575,Dry
PHG35,6,2576,Dry
F44,6,2577,Dry
K4,6,2578,Dry
WIL500,6,2579,Dry
Z013E0127,6,2580,Dry
Z013E0127,6,2581,Dry
Z011E0187,6,2582,Dry
Va59,6,2583,Dry
NC300,6,2584,Dry
Z011E0187,6,2585,Dry
A441-5,6,2586,Dry
L127,6,2587,Dry
SD40,6,2588,Dry
CML328,6,2589,Dry
CH701-30,6,2590,Dry
NC352,6,2591,Dry
CML14,6,2592,Dry
NC232,6,2593,Dry
CM7,6,2594,Dry
33-16,6,2595,Dry
B2,6,2596,Dry
N68K,6,2597,Dry
I29,6,2598,Dry
11430,6,2599,Dry
A654,6,2600,Dry
PHV63,6,2601,Dry
Z022E0104,6,2602,Dry
Z025E0085,6,2603,Dry
LH82,6,2604,Dry
Mt42,6,2605,Dry
CML341,6,2606,Dry
G80,6,2607,Dry
Z022E0104,6,2608,Dry
PHZ51,6,2609,Dry
NC358,6,2610,Dry
MBNA,6,2611,Dry
NC342,6,2612,Dry
Z013E0127,6,2613,Dry
B37,6,2614,Dry
S8324,6,2615,Dry
B14A,6,2616,Dry
PHH93,6,2617,Dry
MS71,6,2618,Dry
B105,6,2619,Dry
P9789AMXT,6,2620,Dry
Z022E0104,6,2621,Dry
MS153,6,2622,Dry
Z022E0104,6,2623,Dry
M162W,6,2624,Dry
NC222,6,2625,Dry
S8326,6,2626,Dry
PHG39,6,2627,Dry
CML323,6,2628,Dry
HP301,6,2629,Dry
AQA3,6,2630,Dry
Z013E0127,6,2631,Dry
CML38,6,2632,Dry
4226,6,2633,Dry
W64A,6,2634,Dry
LH183,6,2635,Dry
NC346,6,2636,Dry
PHJ40,6,2637,Dry
A556,6,2638,Dry
IDS28,6,2639,Dry
LP1 NR HT,6,2640,Dry
